<?xml version="1.0" encoding="UTF-8"?>
<metadata xml:lang="zh"><Esri><CreaDate>20210704</CreaDate><CreaTime>23440100</CreaTime><ArcGISFormat>1.0</ArcGISFormat><SyncOnce>TRUE</SyncOnce><DataProperties><lineage><Process ToolSource="c:\program files\arcgis\pro\Resources\ArcToolbox\toolboxes\Conversion Tools.tbx\FeatureClassToFeatureClass" Date="20210704" Time="234401">FeatureClassToFeatureClass covid19_vaccine_time_series_us_state C:\Users\yuanw\Documents\GitHub\Animation-of-Covid-Vaccination-Progress-in-the-US\data covid19_vaccine_time_series_us_state.shp # "STUSPS "STUSPS" true true false 2 Text 0 0,First,#,covid19_vaccine_time_series_us_state,covid19_vaccine_time_series_us_state.STUSPS,0,2;NAME "NAME" true true false 100 Text 0 0,First,#,covid19_vaccine_time_series_us_state,covid19_vaccine_time_series_us_state.NAME,0,100;Lat "Lat" true true false 8 Double 0 0,First,#,covid19_vaccine_time_series_us_state,time_series_covid19_vaccine_doses_US.csv.Lat,-1,-1;Long_ "Long_" true true false 8 Double 0 0,First,#,covid19_vaccine_time_series_us_state,time_series_covid19_vaccine_doses_US.csv.Long_,-1,-1;Population "Population" true true false 4 Long 0 0,First,#,covid19_vaccine_time_series_us_state,time_series_covid19_vaccine_doses_US.csv.Population,-1,-1;date_12_14_2020 "date_12/14/2020" true true false 4 Long 0 0,First,#,covid19_vaccine_time_series_us_state,time_series_covid19_vaccine_doses_US.csv.date_12/14/2020,-1,-1;date_12_15_2020 "date_12/15/2020" true true false 4 Long 0 0,First,#,covid19_vaccine_time_series_us_state,time_series_covid19_vaccine_doses_US.csv.date_12/15/2020,-1,-1;date_12_16_2020 "date_12/16/2020" true true false 4 Long 0 0,First,#,covid19_vaccine_time_series_us_state,time_series_covid19_vaccine_doses_US.csv.date_12/16/2020,-1,-1;date_12_17_2020 "date_12/17/2020" true true false 4 Long 0 0,First,#,covid19_vaccine_time_series_us_state,time_series_covid19_vaccine_doses_US.csv.date_12/17/2020,-1,-1;date_12_18_2020 "date_12/18/2020" true true false 4 Long 0 0,First,#,covid19_vaccine_time_series_us_state,time_series_covid19_vaccine_doses_US.csv.date_12/18/2020,-1,-1;date_12_19_2020 "date_12/19/2020" true true false 4 Long 0 0,First,#,covid19_vaccine_time_series_us_state,time_series_covid19_vaccine_doses_US.csv.date_12/19/2020,-1,-1;date_12_20_2020 "date_12/20/2020" true true false 4 Long 0 0,First,#,covid19_vaccine_time_series_us_state,time_series_covid19_vaccine_doses_US.csv.date_12/20/2020,-1,-1;date_12_21_2020 "date_12/21/2020" true true false 4 Long 0 0,First,#,covid19_vaccine_time_series_us_state,time_series_covid19_vaccine_doses_US.csv.date_12/21/2020,-1,-1;date_12_22_2020 "date_12/22/2020" true true false 4 Long 0 0,First,#,covid19_vaccine_time_series_us_state,time_series_covid19_vaccine_doses_US.csv.date_12/22/2020,-1,-1;date_12_23_2020 "date_12/23/2020" true true false 4 Long 0 0,First,#,covid19_vaccine_time_series_us_state,time_series_covid19_vaccine_doses_US.csv.date_12/23/2020,-1,-1;date_12_24_2020 "date_12/24/2020" true true false 4 Long 0 0,First,#,covid19_vaccine_time_series_us_state,time_series_covid19_vaccine_doses_US.csv.date_12/24/2020,-1,-1;date_12_25_2020 "date_12/25/2020" true true false 4 Long 0 0,First,#,covid19_vaccine_time_series_us_state,time_series_covid19_vaccine_doses_US.csv.date_12/25/2020,-1,-1;date_12_26_2020 "date_12/26/2020" true true false 4 Long 0 0,First,#,covid19_vaccine_time_series_us_state,time_series_covid19_vaccine_doses_US.csv.date_12/26/2020,-1,-1;date_12_27_2020 "date_12/27/2020" true true false 4 Long 0 0,First,#,covid19_vaccine_time_series_us_state,time_series_covid19_vaccine_doses_US.csv.date_12/27/2020,-1,-1;date_12_28_2020 "date_12/28/2020" true true false 4 Long 0 0,First,#,covid19_vaccine_time_series_us_state,time_series_covid19_vaccine_doses_US.csv.date_12/28/2020,-1,-1;date_12_29_2020 "date_12/29/2020" true true false 4 Long 0 0,First,#,covid19_vaccine_time_series_us_state,time_series_covid19_vaccine_doses_US.csv.date_12/29/2020,-1,-1;date_12_30_2020 "date_12/30/2020" true true false 4 Long 0 0,First,#,covid19_vaccine_time_series_us_state,time_series_covid19_vaccine_doses_US.csv.date_12/30/2020,-1,-1;date_12_31_2020 "date_12/31/2020" true true false 4 Long 0 0,First,#,covid19_vaccine_time_series_us_state,time_series_covid19_vaccine_doses_US.csv.date_12/31/2020,-1,-1;date_01_01_2021 "date_01/01/2021" true true false 4 Long 0 0,First,#,covid19_vaccine_time_series_us_state,time_series_covid19_vaccine_doses_US.csv.date_01/01/2021,-1,-1;date_01_02_2021 "date_01/02/2021" true true false 4 Long 0 0,First,#,covid19_vaccine_time_series_us_state,time_series_covid19_vaccine_doses_US.csv.date_01/02/2021,-1,-1;date_01_03_2021 "date_01/03/2021" true true false 4 Long 0 0,First,#,covid19_vaccine_time_series_us_state,time_series_covid19_vaccine_doses_US.csv.date_01/03/2021,-1,-1;date_01_04_2021 "date_01/04/2021" true true false 4 Long 0 0,First,#,covid19_vaccine_time_series_us_state,time_series_covid19_vaccine_doses_US.csv.date_01/04/2021,-1,-1;date_01_05_2021 "date_01/05/2021" true true false 4 Long 0 0,First,#,covid19_vaccine_time_series_us_state,time_series_covid19_vaccine_doses_US.csv.date_01/05/2021,-1,-1;date_01_06_2021 "date_01/06/2021" true true false 4 Long 0 0,First,#,covid19_vaccine_time_series_us_state,time_series_covid19_vaccine_doses_US.csv.date_01/06/2021,-1,-1;date_01_07_2021 "date_01/07/2021" true true false 4 Long 0 0,First,#,covid19_vaccine_time_series_us_state,time_series_covid19_vaccine_doses_US.csv.date_01/07/2021,-1,-1;date_01_08_2021 "date_01/08/2021" true true false 4 Long 0 0,First,#,covid19_vaccine_time_series_us_state,time_series_covid19_vaccine_doses_US.csv.date_01/08/2021,-1,-1;date_01_09_2021 "date_01/09/2021" true true false 4 Long 0 0,First,#,covid19_vaccine_time_series_us_state,time_series_covid19_vaccine_doses_US.csv.date_01/09/2021,-1,-1;date_01_10_2021 "date_01/10/2021" true true false 4 Long 0 0,First,#,covid19_vaccine_time_series_us_state,time_series_covid19_vaccine_doses_US.csv.date_01/10/2021,-1,-1;date_01_11_2021 "date_01/11/2021" true true false 4 Long 0 0,First,#,covid19_vaccine_time_series_us_state,time_series_covid19_vaccine_doses_US.csv.date_01/11/2021,-1,-1;date_01_12_2021 "date_01/12/2021" true true false 4 Long 0 0,First,#,covid19_vaccine_time_series_us_state,time_series_covid19_vaccine_doses_US.csv.date_01/12/2021,-1,-1;date_01_13_2021 "date_01/13/2021" true true false 4 Long 0 0,First,#,covid19_vaccine_time_series_us_state,time_series_covid19_vaccine_doses_US.csv.date_01/13/2021,-1,-1;date_01_14_2021 "date_01/14/2021" true true false 4 Long 0 0,First,#,covid19_vaccine_time_series_us_state,time_series_covid19_vaccine_doses_US.csv.date_01/14/2021,-1,-1;date_01_15_2021 "date_01/15/2021" true true false 4 Long 0 0,First,#,covid19_vaccine_time_series_us_state,time_series_covid19_vaccine_doses_US.csv.date_01/15/2021,-1,-1;date_01_16_2021 "date_01/16/2021" true true false 4 Long 0 0,First,#,covid19_vaccine_time_series_us_state,time_series_covid19_vaccine_doses_US.csv.date_01/16/2021,-1,-1;date_01_17_2021 "date_01/17/2021" true true false 4 Long 0 0,First,#,covid19_vaccine_time_series_us_state,time_series_covid19_vaccine_doses_US.csv.date_01/17/2021,-1,-1;date_01_18_2021 "date_01/18/2021" true true false 4 Long 0 0,First,#,covid19_vaccine_time_series_us_state,time_series_covid19_vaccine_doses_US.csv.date_01/18/2021,-1,-1;date_01_19_2021 "date_01/19/2021" true true false 4 Long 0 0,First,#,covid19_vaccine_time_series_us_state,time_series_covid19_vaccine_doses_US.csv.date_01/19/2021,-1,-1;date_01_20_2021 "date_01/20/2021" true true false 4 Long 0 0,First,#,covid19_vaccine_time_series_us_state,time_series_covid19_vaccine_doses_US.csv.date_01/20/2021,-1,-1;date_01_21_2021 "date_01/21/2021" true true false 4 Long 0 0,First,#,covid19_vaccine_time_series_us_state,time_series_covid19_vaccine_doses_US.csv.date_01/21/2021,-1,-1;date_01_22_2021 "date_01/22/2021" true true false 4 Long 0 0,First,#,covid19_vaccine_time_series_us_state,time_series_covid19_vaccine_doses_US.csv.date_01/22/2021,-1,-1;date_01_23_2021 "date_01/23/2021" true true false 4 Long 0 0,First,#,covid19_vaccine_time_series_us_state,time_series_covid19_vaccine_doses_US.csv.date_01/23/2021,-1,-1;date_01_24_2021 "date_01/24/2021" true true false 4 Long 0 0,First,#,covid19_vaccine_time_series_us_state,time_series_covid19_vaccine_doses_US.csv.date_01/24/2021,-1,-1;date_01_25_2021 "date_01/25/2021" true true false 4 Long 0 0,First,#,covid19_vaccine_time_series_us_state,time_series_covid19_vaccine_doses_US.csv.date_01/25/2021,-1,-1;date_01_26_2021 "date_01/26/2021" true true false 4 Long 0 0,First,#,covid19_vaccine_time_series_us_state,time_series_covid19_vaccine_doses_US.csv.date_01/26/2021,-1,-1;date_01_27_2021 "date_01/27/2021" true true false 4 Long 0 0,First,#,covid19_vaccine_time_series_us_state,time_series_covid19_vaccine_doses_US.csv.date_01/27/2021,-1,-1;date_01_28_2021 "date_01/28/2021" true true false 4 Long 0 0,First,#,covid19_vaccine_time_series_us_state,time_series_covid19_vaccine_doses_US.csv.date_01/28/2021,-1,-1;date_01_29_2021 "date_01/29/2021" true true false 4 Long 0 0,First,#,covid19_vaccine_time_series_us_state,time_series_covid19_vaccine_doses_US.csv.date_01/29/2021,-1,-1;date_01_30_2021 "date_01/30/2021" true true false 4 Long 0 0,First,#,covid19_vaccine_time_series_us_state,time_series_covid19_vaccine_doses_US.csv.date_01/30/2021,-1,-1;date_01_31_2021 "date_01/31/2021" true true false 4 Long 0 0,First,#,covid19_vaccine_time_series_us_state,time_series_covid19_vaccine_doses_US.csv.date_01/31/2021,-1,-1;date_02_01_2021 "date_02/01/2021" true true false 4 Long 0 0,First,#,covid19_vaccine_time_series_us_state,time_series_covid19_vaccine_doses_US.csv.date_02/01/2021,-1,-1;date_02_02_2021 "date_02/02/2021" true true false 4 Long 0 0,First,#,covid19_vaccine_time_series_us_state,time_series_covid19_vaccine_doses_US.csv.date_02/02/2021,-1,-1;date_02_03_2021 "date_02/03/2021" true true false 4 Long 0 0,First,#,covid19_vaccine_time_series_us_state,time_series_covid19_vaccine_doses_US.csv.date_02/03/2021,-1,-1;date_02_04_2021 "date_02/04/2021" true true false 4 Long 0 0,First,#,covid19_vaccine_time_series_us_state,time_series_covid19_vaccine_doses_US.csv.date_02/04/2021,-1,-1;date_02_05_2021 "date_02/05/2021" true true false 4 Long 0 0,First,#,covid19_vaccine_time_series_us_state,time_series_covid19_vaccine_doses_US.csv.date_02/05/2021,-1,-1;date_02_06_2021 "date_02/06/2021" true true false 4 Long 0 0,First,#,covid19_vaccine_time_series_us_state,time_series_covid19_vaccine_doses_US.csv.date_02/06/2021,-1,-1;date_02_07_2021 "date_02/07/2021" true true false 4 Long 0 0,First,#,covid19_vaccine_time_series_us_state,time_series_covid19_vaccine_doses_US.csv.date_02/07/2021,-1,-1;date_02_08_2021 "date_02/08/2021" true true false 4 Long 0 0,First,#,covid19_vaccine_time_series_us_state,time_series_covid19_vaccine_doses_US.csv.date_02/08/2021,-1,-1;date_02_09_2021 "date_02/09/2021" true true false 4 Long 0 0,First,#,covid19_vaccine_time_series_us_state,time_series_covid19_vaccine_doses_US.csv.date_02/09/2021,-1,-1;date_02_10_2021 "date_02/10/2021" true true false 4 Long 0 0,First,#,covid19_vaccine_time_series_us_state,time_series_covid19_vaccine_doses_US.csv.date_02/10/2021,-1,-1;date_02_11_2021 "date_02/11/2021" true true false 4 Long 0 0,First,#,covid19_vaccine_time_series_us_state,time_series_covid19_vaccine_doses_US.csv.date_02/11/2021,-1,-1;date_02_12_2021 "date_02/12/2021" true true false 4 Long 0 0,First,#,covid19_vaccine_time_series_us_state,time_series_covid19_vaccine_doses_US.csv.date_02/12/2021,-1,-1;date_02_13_2021 "date_02/13/2021" true true false 4 Long 0 0,First,#,covid19_vaccine_time_series_us_state,time_series_covid19_vaccine_doses_US.csv.date_02/13/2021,-1,-1;date_02_14_2021 "date_02/14/2021" true true false 4 Long 0 0,First,#,covid19_vaccine_time_series_us_state,time_series_covid19_vaccine_doses_US.csv.date_02/14/2021,-1,-1;date_02_15_2021 "date_02/15/2021" true true false 4 Long 0 0,First,#,covid19_vaccine_time_series_us_state,time_series_covid19_vaccine_doses_US.csv.date_02/15/2021,-1,-1;date_02_16_2021 "date_02/16/2021" true true false 4 Long 0 0,First,#,covid19_vaccine_time_series_us_state,time_series_covid19_vaccine_doses_US.csv.date_02/16/2021,-1,-1;date_02_17_2021 "date_02/17/2021" true true false 4 Long 0 0,First,#,covid19_vaccine_time_series_us_state,time_series_covid19_vaccine_doses_US.csv.date_02/17/2021,-1,-1;date_02_18_2021 "date_02/18/2021" true true false 4 Long 0 0,First,#,covid19_vaccine_time_series_us_state,time_series_covid19_vaccine_doses_US.csv.date_02/18/2021,-1,-1;date_02_19_2021 "date_02/19/2021" true true false 4 Long 0 0,First,#,covid19_vaccine_time_series_us_state,time_series_covid19_vaccine_doses_US.csv.date_02/19/2021,-1,-1;date_02_20_2021 "date_02/20/2021" true true false 4 Long 0 0,First,#,covid19_vaccine_time_series_us_state,time_series_covid19_vaccine_doses_US.csv.date_02/20/2021,-1,-1;date_02_21_2021 "date_02/21/2021" true true false 4 Long 0 0,First,#,covid19_vaccine_time_series_us_state,time_series_covid19_vaccine_doses_US.csv.date_02/21/2021,-1,-1;date_02_22_2021 "date_02/22/2021" true true false 4 Long 0 0,First,#,covid19_vaccine_time_series_us_state,time_series_covid19_vaccine_doses_US.csv.date_02/22/2021,-1,-1;date_02_23_2021 "date_02/23/2021" true true false 4 Long 0 0,First,#,covid19_vaccine_time_series_us_state,time_series_covid19_vaccine_doses_US.csv.date_02/23/2021,-1,-1;date_02_24_2021 "date_02/24/2021" true true false 4 Long 0 0,First,#,covid19_vaccine_time_series_us_state,time_series_covid19_vaccine_doses_US.csv.date_02/24/2021,-1,-1;date_02_25_2021 "date_02/25/2021" true true false 4 Long 0 0,First,#,covid19_vaccine_time_series_us_state,time_series_covid19_vaccine_doses_US.csv.date_02/25/2021,-1,-1;date_02_26_2021 "date_02/26/2021" true true false 4 Long 0 0,First,#,covid19_vaccine_time_series_us_state,time_series_covid19_vaccine_doses_US.csv.date_02/26/2021,-1,-1;date_02_27_2021 "date_02/27/2021" true true false 4 Long 0 0,First,#,covid19_vaccine_time_series_us_state,time_series_covid19_vaccine_doses_US.csv.date_02/27/2021,-1,-1;date_02_28_2021 "date_02/28/2021" true true false 4 Long 0 0,First,#,covid19_vaccine_time_series_us_state,time_series_covid19_vaccine_doses_US.csv.date_02/28/2021,-1,-1;date_03_01_2021 "date_03/01/2021" true true false 4 Long 0 0,First,#,covid19_vaccine_time_series_us_state,time_series_covid19_vaccine_doses_US.csv.date_03/01/2021,-1,-1;date_03_02_2021 "date_03/02/2021" true true false 4 Long 0 0,First,#,covid19_vaccine_time_series_us_state,time_series_covid19_vaccine_doses_US.csv.date_03/02/2021,-1,-1;date_03_03_2021 "date_03/03/2021" true true false 4 Long 0 0,First,#,covid19_vaccine_time_series_us_state,time_series_covid19_vaccine_doses_US.csv.date_03/03/2021,-1,-1;date_03_04_2021 "date_03/04/2021" true true false 4 Long 0 0,First,#,covid19_vaccine_time_series_us_state,time_series_covid19_vaccine_doses_US.csv.date_03/04/2021,-1,-1;date_03_05_2021 "date_03/05/2021" true true false 4 Long 0 0,First,#,covid19_vaccine_time_series_us_state,time_series_covid19_vaccine_doses_US.csv.date_03/05/2021,-1,-1;date_03_06_2021 "date_03/06/2021" true true false 4 Long 0 0,First,#,covid19_vaccine_time_series_us_state,time_series_covid19_vaccine_doses_US.csv.date_03/06/2021,-1,-1;date_03_07_2021 "date_03/07/2021" true true false 4 Long 0 0,First,#,covid19_vaccine_time_series_us_state,time_series_covid19_vaccine_doses_US.csv.date_03/07/2021,-1,-1;date_03_08_2021 "date_03/08/2021" true true false 4 Long 0 0,First,#,covid19_vaccine_time_series_us_state,time_series_covid19_vaccine_doses_US.csv.date_03/08/2021,-1,-1;date_03_09_2021 "date_03/09/2021" true true false 4 Long 0 0,First,#,covid19_vaccine_time_series_us_state,time_series_covid19_vaccine_doses_US.csv.date_03/09/2021,-1,-1;date_03_10_2021 "date_03/10/2021" true true false 4 Long 0 0,First,#,covid19_vaccine_time_series_us_state,time_series_covid19_vaccine_doses_US.csv.date_03/10/2021,-1,-1;date_03_11_2021 "date_03/11/2021" true true false 4 Long 0 0,First,#,covid19_vaccine_time_series_us_state,time_series_covid19_vaccine_doses_US.csv.date_03/11/2021,-1,-1;date_03_12_2021 "date_03/12/2021" true true false 4 Long 0 0,First,#,covid19_vaccine_time_series_us_state,time_series_covid19_vaccine_doses_US.csv.date_03/12/2021,-1,-1;date_03_13_2021 "date_03/13/2021" true true false 4 Long 0 0,First,#,covid19_vaccine_time_series_us_state,time_series_covid19_vaccine_doses_US.csv.date_03/13/2021,-1,-1;date_03_14_2021 "date_03/14/2021" true true false 4 Long 0 0,First,#,covid19_vaccine_time_series_us_state,time_series_covid19_vaccine_doses_US.csv.date_03/14/2021,-1,-1;date_03_15_2021 "date_03/15/2021" true true false 4 Long 0 0,First,#,covid19_vaccine_time_series_us_state,time_series_covid19_vaccine_doses_US.csv.date_03/15/2021,-1,-1;date_03_16_2021 "date_03/16/2021" true true false 4 Long 0 0,First,#,covid19_vaccine_time_series_us_state,time_series_covid19_vaccine_doses_US.csv.date_03/16/2021,-1,-1;date_03_17_2021 "date_03/17/2021" true true false 4 Long 0 0,First,#,covid19_vaccine_time_series_us_state,time_series_covid19_vaccine_doses_US.csv.date_03/17/2021,-1,-1;date_03_18_2021 "date_03/18/2021" true true false 4 Long 0 0,First,#,covid19_vaccine_time_series_us_state,time_series_covid19_vaccine_doses_US.csv.date_03/18/2021,-1,-1;date_03_19_2021 "date_03/19/2021" true true false 4 Long 0 0,First,#,covid19_vaccine_time_series_us_state,time_series_covid19_vaccine_doses_US.csv.date_03/19/2021,-1,-1;date_03_20_2021 "date_03/20/2021" true true false 4 Long 0 0,First,#,covid19_vaccine_time_series_us_state,time_series_covid19_vaccine_doses_US.csv.date_03/20/2021,-1,-1;date_03_21_2021 "date_03/21/2021" true true false 4 Long 0 0,First,#,covid19_vaccine_time_series_us_state,time_series_covid19_vaccine_doses_US.csv.date_03/21/2021,-1,-1;date_03_22_2021 "date_03/22/2021" true true false 4 Long 0 0,First,#,covid19_vaccine_time_series_us_state,time_series_covid19_vaccine_doses_US.csv.date_03/22/2021,-1,-1;date_03_23_2021 "date_03/23/2021" true true false 4 Long 0 0,First,#,covid19_vaccine_time_series_us_state,time_series_covid19_vaccine_doses_US.csv.date_03/23/2021,-1,-1;date_03_24_2021 "date_03/24/2021" true true false 4 Long 0 0,First,#,covid19_vaccine_time_series_us_state,time_series_covid19_vaccine_doses_US.csv.date_03/24/2021,-1,-1;date_03_25_2021 "date_03/25/2021" true true false 4 Long 0 0,First,#,covid19_vaccine_time_series_us_state,time_series_covid19_vaccine_doses_US.csv.date_03/25/2021,-1,-1;date_03_26_2021 "date_03/26/2021" true true false 4 Long 0 0,First,#,covid19_vaccine_time_series_us_state,time_series_covid19_vaccine_doses_US.csv.date_03/26/2021,-1,-1;date_03_27_2021 "date_03/27/2021" true true false 4 Long 0 0,First,#,covid19_vaccine_time_series_us_state,time_series_covid19_vaccine_doses_US.csv.date_03/27/2021,-1,-1;date_03_28_2021 "date_03/28/2021" true true false 4 Long 0 0,First,#,covid19_vaccine_time_series_us_state,time_series_covid19_vaccine_doses_US.csv.date_03/28/2021,-1,-1;date_03_29_2021 "date_03/29/2021" true true false 4 Long 0 0,First,#,covid19_vaccine_time_series_us_state,time_series_covid19_vaccine_doses_US.csv.date_03/29/2021,-1,-1;date_03_30_2021 "date_03/30/2021" true true false 4 Long 0 0,First,#,covid19_vaccine_time_series_us_state,time_series_covid19_vaccine_doses_US.csv.date_03/30/2021,-1,-1;date_03_31_2021 "date_03/31/2021" true true false 4 Long 0 0,First,#,covid19_vaccine_time_series_us_state,time_series_covid19_vaccine_doses_US.csv.date_03/31/2021,-1,-1;date_04_01_2021 "date_04/01/2021" true true false 4 Long 0 0,First,#,covid19_vaccine_time_series_us_state,time_series_covid19_vaccine_doses_US.csv.date_04/01/2021,-1,-1;date_04_02_2021 "date_04/02/2021" true true false 4 Long 0 0,First,#,covid19_vaccine_time_series_us_state,time_series_covid19_vaccine_doses_US.csv.date_04/02/2021,-1,-1;date_04_03_2021 "date_04/03/2021" true true false 4 Long 0 0,First,#,covid19_vaccine_time_series_us_state,time_series_covid19_vaccine_doses_US.csv.date_04/03/2021,-1,-1;date_04_04_2021 "date_04/04/2021" true true false 4 Long 0 0,First,#,covid19_vaccine_time_series_us_state,time_series_covid19_vaccine_doses_US.csv.date_04/04/2021,-1,-1;date_04_05_2021 "date_04/05/2021" true true false 4 Long 0 0,First,#,covid19_vaccine_time_series_us_state,time_series_covid19_vaccine_doses_US.csv.date_04/05/2021,-1,-1;date_04_06_2021 "date_04/06/2021" true true false 4 Long 0 0,First,#,covid19_vaccine_time_series_us_state,time_series_covid19_vaccine_doses_US.csv.date_04/06/2021,-1,-1;date_04_07_2021 "date_04/07/2021" true true false 4 Long 0 0,First,#,covid19_vaccine_time_series_us_state,time_series_covid19_vaccine_doses_US.csv.date_04/07/2021,-1,-1;date_04_08_2021 "date_04/08/2021" true true false 4 Long 0 0,First,#,covid19_vaccine_time_series_us_state,time_series_covid19_vaccine_doses_US.csv.date_04/08/2021,-1,-1;date_04_09_2021 "date_04/09/2021" true true false 4 Long 0 0,First,#,covid19_vaccine_time_series_us_state,time_series_covid19_vaccine_doses_US.csv.date_04/09/2021,-1,-1;date_04_10_2021 "date_04/10/2021" true true false 4 Long 0 0,First,#,covid19_vaccine_time_series_us_state,time_series_covid19_vaccine_doses_US.csv.date_04/10/2021,-1,-1;date_04_11_2021 "date_04/11/2021" true true false 4 Long 0 0,First,#,covid19_vaccine_time_series_us_state,time_series_covid19_vaccine_doses_US.csv.date_04/11/2021,-1,-1;date_04_12_2021 "date_04/12/2021" true true false 4 Long 0 0,First,#,covid19_vaccine_time_series_us_state,time_series_covid19_vaccine_doses_US.csv.date_04/12/2021,-1,-1;date_04_13_2021 "date_04/13/2021" true true false 4 Long 0 0,First,#,covid19_vaccine_time_series_us_state,time_series_covid19_vaccine_doses_US.csv.date_04/13/2021,-1,-1;date_04_14_2021 "date_04/14/2021" true true false 4 Long 0 0,First,#,covid19_vaccine_time_series_us_state,time_series_covid19_vaccine_doses_US.csv.date_04/14/2021,-1,-1;date_04_15_2021 "date_04/15/2021" true true false 4 Long 0 0,First,#,covid19_vaccine_time_series_us_state,time_series_covid19_vaccine_doses_US.csv.date_04/15/2021,-1,-1;date_04_16_2021 "date_04/16/2021" true true false 4 Long 0 0,First,#,covid19_vaccine_time_series_us_state,time_series_covid19_vaccine_doses_US.csv.date_04/16/2021,-1,-1;date_04_17_2021 "date_04/17/2021" true true false 4 Long 0 0,First,#,covid19_vaccine_time_series_us_state,time_series_covid19_vaccine_doses_US.csv.date_04/17/2021,-1,-1;date_04_18_2021 "date_04/18/2021" true true false 4 Long 0 0,First,#,covid19_vaccine_time_series_us_state,time_series_covid19_vaccine_doses_US.csv.date_04/18/2021,-1,-1;date_04_19_2021 "date_04/19/2021" true true false 4 Long 0 0,First,#,covid19_vaccine_time_series_us_state,time_series_covid19_vaccine_doses_US.csv.date_04/19/2021,-1,-1;date_04_20_2021 "date_04/20/2021" true true false 4 Long 0 0,First,#,covid19_vaccine_time_series_us_state,time_series_covid19_vaccine_doses_US.csv.date_04/20/2021,-1,-1;date_04_21_2021 "date_04/21/2021" true true false 4 Long 0 0,First,#,covid19_vaccine_time_series_us_state,time_series_covid19_vaccine_doses_US.csv.date_04/21/2021,-1,-1;date_04_22_2021 "date_04/22/2021" true true false 4 Long 0 0,First,#,covid19_vaccine_time_series_us_state,time_series_covid19_vaccine_doses_US.csv.date_04/22/2021,-1,-1;date_04_23_2021 "date_04/23/2021" true true false 4 Long 0 0,First,#,covid19_vaccine_time_series_us_state,time_series_covid19_vaccine_doses_US.csv.date_04/23/2021,-1,-1;date_04_24_2021 "date_04/24/2021" true true false 4 Long 0 0,First,#,covid19_vaccine_time_series_us_state,time_series_covid19_vaccine_doses_US.csv.date_04/24/2021,-1,-1;date_04_25_2021 "date_04/25/2021" true true false 4 Long 0 0,First,#,covid19_vaccine_time_series_us_state,time_series_covid19_vaccine_doses_US.csv.date_04/25/2021,-1,-1;date_04_26_2021 "date_04/26/2021" true true false 4 Long 0 0,First,#,covid19_vaccine_time_series_us_state,time_series_covid19_vaccine_doses_US.csv.date_04/26/2021,-1,-1;date_04_27_2021 "date_04/27/2021" true true false 4 Long 0 0,First,#,covid19_vaccine_time_series_us_state,time_series_covid19_vaccine_doses_US.csv.date_04/27/2021,-1,-1;date_04_28_2021 "date_04/28/2021" true true false 4 Long 0 0,First,#,covid19_vaccine_time_series_us_state,time_series_covid19_vaccine_doses_US.csv.date_04/28/2021,-1,-1;date_04_29_2021 "date_04/29/2021" true true false 4 Long 0 0,First,#,covid19_vaccine_time_series_us_state,time_series_covid19_vaccine_doses_US.csv.date_04/29/2021,-1,-1;date_04_30_2021 "date_04/30/2021" true true false 4 Long 0 0,First,#,covid19_vaccine_time_series_us_state,time_series_covid19_vaccine_doses_US.csv.date_04/30/2021,-1,-1;date_05_01_2021 "date_05/01/2021" true true false 4 Long 0 0,First,#,covid19_vaccine_time_series_us_state,time_series_covid19_vaccine_doses_US.csv.date_05/01/2021,-1,-1;date_05_02_2021 "date_05/02/2021" true true false 4 Long 0 0,First,#,covid19_vaccine_time_series_us_state,time_series_covid19_vaccine_doses_US.csv.date_05/02/2021,-1,-1;date_05_03_2021 "date_05/03/2021" true true false 4 Long 0 0,First,#,covid19_vaccine_time_series_us_state,time_series_covid19_vaccine_doses_US.csv.date_05/03/2021,-1,-1;date_05_04_2021 "date_05/04/2021" true true false 4 Long 0 0,First,#,covid19_vaccine_time_series_us_state,time_series_covid19_vaccine_doses_US.csv.date_05/04/2021,-1,-1;date_05_05_2021 "date_05/05/2021" true true false 4 Long 0 0,First,#,covid19_vaccine_time_series_us_state,time_series_covid19_vaccine_doses_US.csv.date_05/05/2021,-1,-1;date_05_06_2021 "date_05/06/2021" true true false 4 Long 0 0,First,#,covid19_vaccine_time_series_us_state,time_series_covid19_vaccine_doses_US.csv.date_05/06/2021,-1,-1;date_05_07_2021 "date_05/07/2021" true true false 4 Long 0 0,First,#,covid19_vaccine_time_series_us_state,time_series_covid19_vaccine_doses_US.csv.date_05/07/2021,-1,-1;date_05_08_2021 "date_05/08/2021" true true false 4 Long 0 0,First,#,covid19_vaccine_time_series_us_state,time_series_covid19_vaccine_doses_US.csv.date_05/08/2021,-1,-1;date_05_09_2021 "date_05/09/2021" true true false 4 Long 0 0,First,#,covid19_vaccine_time_series_us_state,time_series_covid19_vaccine_doses_US.csv.date_05/09/2021,-1,-1;date_05_10_2021 "date_05/10/2021" true true false 4 Long 0 0,First,#,covid19_vaccine_time_series_us_state,time_series_covid19_vaccine_doses_US.csv.date_05/10/2021,-1,-1;date_05_11_2021 "date_05/11/2021" true true false 4 Long 0 0,First,#,covid19_vaccine_time_series_us_state,time_series_covid19_vaccine_doses_US.csv.date_05/11/2021,-1,-1;date_05_12_2021 "date_05/12/2021" true true false 4 Long 0 0,First,#,covid19_vaccine_time_series_us_state,time_series_covid19_vaccine_doses_US.csv.date_05/12/2021,-1,-1;date_05_13_2021 "date_05/13/2021" true true false 4 Long 0 0,First,#,covid19_vaccine_time_series_us_state,time_series_covid19_vaccine_doses_US.csv.date_05/13/2021,-1,-1;date_05_14_2021 "date_05/14/2021" true true false 4 Long 0 0,First,#,covid19_vaccine_time_series_us_state,time_series_covid19_vaccine_doses_US.csv.date_05/14/2021,-1,-1;date_05_15_2021 "date_05/15/2021" true true false 4 Long 0 0,First,#,covid19_vaccine_time_series_us_state,time_series_covid19_vaccine_doses_US.csv.date_05/15/2021,-1,-1;date_05_16_2021 "date_05/16/2021" true true false 4 Long 0 0,First,#,covid19_vaccine_time_series_us_state,time_series_covid19_vaccine_doses_US.csv.date_05/16/2021,-1,-1;date_05_17_2021 "date_05/17/2021" true true false 4 Long 0 0,First,#,covid19_vaccine_time_series_us_state,time_series_covid19_vaccine_doses_US.csv.date_05/17/2021,-1,-1;date_05_18_2021 "date_05/18/2021" true true false 4 Long 0 0,First,#,covid19_vaccine_time_series_us_state,time_series_covid19_vaccine_doses_US.csv.date_05/18/2021,-1,-1;date_05_19_2021 "date_05/19/2021" true true false 4 Long 0 0,First,#,covid19_vaccine_time_series_us_state,time_series_covid19_vaccine_doses_US.csv.date_05/19/2021,-1,-1;date_05_20_2021 "date_05/20/2021" true true false 4 Long 0 0,First,#,covid19_vaccine_time_series_us_state,time_series_covid19_vaccine_doses_US.csv.date_05/20/2021,-1,-1;date_05_21_2021 "date_05/21/2021" true true false 4 Long 0 0,First,#,covid19_vaccine_time_series_us_state,time_series_covid19_vaccine_doses_US.csv.date_05/21/2021,-1,-1;date_05_22_2021 "date_05/22/2021" true true false 4 Long 0 0,First,#,covid19_vaccine_time_series_us_state,time_series_covid19_vaccine_doses_US.csv.date_05/22/2021,-1,-1;date_05_23_2021 "date_05/23/2021" true true false 4 Long 0 0,First,#,covid19_vaccine_time_series_us_state,time_series_covid19_vaccine_doses_US.csv.date_05/23/2021,-1,-1;date_05_24_2021 "date_05/24/2021" true true false 4 Long 0 0,First,#,covid19_vaccine_time_series_us_state,time_series_covid19_vaccine_doses_US.csv.date_05/24/2021,-1,-1;date_05_25_2021 "date_05/25/2021" true true false 4 Long 0 0,First,#,covid19_vaccine_time_series_us_state,time_series_covid19_vaccine_doses_US.csv.date_05/25/2021,-1,-1;date_05_26_2021 "date_05/26/2021" true true false 4 Long 0 0,First,#,covid19_vaccine_time_series_us_state,time_series_covid19_vaccine_doses_US.csv.date_05/26/2021,-1,-1;date_05_27_2021 "date_05/27/2021" true true false 4 Long 0 0,First,#,covid19_vaccine_time_series_us_state,time_series_covid19_vaccine_doses_US.csv.date_05/27/2021,-1,-1;date_05_28_2021 "date_05/28/2021" true true false 4 Long 0 0,First,#,covid19_vaccine_time_series_us_state,time_series_covid19_vaccine_doses_US.csv.date_05/28/2021,-1,-1;date_05_29_2021 "date_05/29/2021" true true false 4 Long 0 0,First,#,covid19_vaccine_time_series_us_state,time_series_covid19_vaccine_doses_US.csv.date_05/29/2021,-1,-1;date_05_30_2021 "date_05/30/2021" true true false 4 Long 0 0,First,#,covid19_vaccine_time_series_us_state,time_series_covid19_vaccine_doses_US.csv.date_05/30/2021,-1,-1;date_05_31_2021 "date_05/31/2021" true true false 4 Long 0 0,First,#,covid19_vaccine_time_series_us_state,time_series_covid19_vaccine_doses_US.csv.date_05/31/2021,-1,-1;date_06_01_2021 "date_06/01/2021" true true false 4 Long 0 0,First,#,covid19_vaccine_time_series_us_state,time_series_covid19_vaccine_doses_US.csv.date_06/01/2021,-1,-1;date_06_02_2021 "date_06/02/2021" true true false 4 Long 0 0,First,#,covid19_vaccine_time_series_us_state,time_series_covid19_vaccine_doses_US.csv.date_06/02/2021,-1,-1;date_06_03_2021 "date_06/03/2021" true true false 4 Long 0 0,First,#,covid19_vaccine_time_series_us_state,time_series_covid19_vaccine_doses_US.csv.date_06/03/2021,-1,-1;date_06_04_2021 "date_06/04/2021" true true false 4 Long 0 0,First,#,covid19_vaccine_time_series_us_state,time_series_covid19_vaccine_doses_US.csv.date_06/04/2021,-1,-1;date_06_05_2021 "date_06/05/2021" true true false 4 Long 0 0,First,#,covid19_vaccine_time_series_us_state,time_series_covid19_vaccine_doses_US.csv.date_06/05/2021,-1,-1;date_06_06_2021 "date_06/06/2021" true true false 4 Long 0 0,First,#,covid19_vaccine_time_series_us_state,time_series_covid19_vaccine_doses_US.csv.date_06/06/2021,-1,-1;date_06_07_2021 "date_06/07/2021" true true false 4 Long 0 0,First,#,covid19_vaccine_time_series_us_state,time_series_covid19_vaccine_doses_US.csv.date_06/07/2021,-1,-1;date_06_08_2021 "date_06/08/2021" true true false 4 Long 0 0,First,#,covid19_vaccine_time_series_us_state,time_series_covid19_vaccine_doses_US.csv.date_06/08/2021,-1,-1;date_06_09_2021 "date_06/09/2021" true true false 4 Long 0 0,First,#,covid19_vaccine_time_series_us_state,time_series_covid19_vaccine_doses_US.csv.date_06/09/2021,-1,-1;date_06_10_2021 "date_06/10/2021" true true false 4 Long 0 0,First,#,covid19_vaccine_time_series_us_state,time_series_covid19_vaccine_doses_US.csv.date_06/10/2021,-1,-1;date_06_11_2021 "date_06/11/2021" true true false 4 Long 0 0,First,#,covid19_vaccine_time_series_us_state,time_series_covid19_vaccine_doses_US.csv.date_06/11/2021,-1,-1;date_06_12_2021 "date_06/12/2021" true true false 4 Long 0 0,First,#,covid19_vaccine_time_series_us_state,time_series_covid19_vaccine_doses_US.csv.date_06/12/2021,-1,-1;date_06_13_2021 "date_06/13/2021" true true false 4 Long 0 0,First,#,covid19_vaccine_time_series_us_state,time_series_covid19_vaccine_doses_US.csv.date_06/13/2021,-1,-1;date_06_14_2021 "date_06/14/2021" true true false 4 Long 0 0,First,#,covid19_vaccine_time_series_us_state,time_series_covid19_vaccine_doses_US.csv.date_06/14/2021,-1,-1;date_06_15_2021 "date_06/15/2021" true true false 4 Long 0 0,First,#,covid19_vaccine_time_series_us_state,time_series_covid19_vaccine_doses_US.csv.date_06/15/2021,-1,-1;date_06_16_2021 "date_06/16/2021" true true false 4 Long 0 0,First,#,covid19_vaccine_time_series_us_state,time_series_covid19_vaccine_doses_US.csv.date_06/16/2021,-1,-1;date_06_17_2021 "date_06/17/2021" true true false 4 Long 0 0,First,#,covid19_vaccine_time_series_us_state,time_series_covid19_vaccine_doses_US.csv.date_06/17/2021,-1,-1;date_06_18_2021 "date_06/18/2021" true true false 4 Long 0 0,First,#,covid19_vaccine_time_series_us_state,time_series_covid19_vaccine_doses_US.csv.date_06/18/2021,-1,-1;date_06_19_2021 "date_06/19/2021" true true false 4 Long 0 0,First,#,covid19_vaccine_time_series_us_state,time_series_covid19_vaccine_doses_US.csv.date_06/19/2021,-1,-1;date_06_20_2021 "date_06/20/2021" true true false 4 Long 0 0,First,#,covid19_vaccine_time_series_us_state,time_series_covid19_vaccine_doses_US.csv.date_06/20/2021,-1,-1;date_06_21_2021 "date_06/21/2021" true true false 4 Long 0 0,First,#,covid19_vaccine_time_series_us_state,time_series_covid19_vaccine_doses_US.csv.date_06/21/2021,-1,-1;date_06_22_2021 "date_06/22/2021" true true false 4 Long 0 0,First,#,covid19_vaccine_time_series_us_state,time_series_covid19_vaccine_doses_US.csv.date_06/22/2021,-1,-1;date_06_23_2021 "date_06/23/2021" true true false 4 Long 0 0,First,#,covid19_vaccine_time_series_us_state,time_series_covid19_vaccine_doses_US.csv.date_06/23/2021,-1,-1;date_06_24_2021 "date_06/24/2021" true true false 4 Long 0 0,First,#,covid19_vaccine_time_series_us_state,time_series_covid19_vaccine_doses_US.csv.date_06/24/2021,-1,-1;date_06_25_2021 "date_06/25/2021" true true false 4 Long 0 0,First,#,covid19_vaccine_time_series_us_state,time_series_covid19_vaccine_doses_US.csv.date_06/25/2021,-1,-1;date_06_26_2021 "date_06/26/2021" true true false 4 Long 0 0,First,#,covid19_vaccine_time_series_us_state,time_series_covid19_vaccine_doses_US.csv.date_06/26/2021,-1,-1;date_06_27_2021 "date_06/27/2021" true true false 4 Long 0 0,First,#,covid19_vaccine_time_series_us_state,time_series_covid19_vaccine_doses_US.csv.date_06/27/2021,-1,-1;date_06_28_2021 "date_06/28/2021" true true false 4 Long 0 0,First,#,covid19_vaccine_time_series_us_state,time_series_covid19_vaccine_doses_US.csv.date_06/28/2021,-1,-1;date_06_29_2021 "date_06/29/2021" true true false 4 Long 0 0,First,#,covid19_vaccine_time_series_us_state,time_series_covid19_vaccine_doses_US.csv.date_06/29/2021,-1,-1;date_06_30_2021 "date_06/30/2021" true true false 4 Long 0 0,First,#,covid19_vaccine_time_series_us_state,time_series_covid19_vaccine_doses_US.csv.date_06/30/2021,-1,-1;date_07_01_2021 "date_07/01/2021" true true false 4 Long 0 0,First,#,covid19_vaccine_time_series_us_state,time_series_covid19_vaccine_doses_US.csv.date_07/01/2021,-1,-1;date_07_02_2021 "date_07/02/2021" true true false 4 Long 0 0,First,#,covid19_vaccine_time_series_us_state,time_series_covid19_vaccine_doses_US.csv.date_07/02/2021,-1,-1;date_07_03_2021 "date_07/03/2021" true true false 4 Long 0 0,First,#,covid19_vaccine_time_series_us_state,time_series_covid19_vaccine_doses_US.csv.date_07/03/2021,-1,-1" #</Process></lineage><LayerFile>{"type":"CIMLayerDocument","version":"2.7.0","build":26828,"layers":["CIMPATH=map/covid19_vaccine_time_series_us_state.xml"],"layerDefinitions":[{"type":"CIMFeatureLayer","name":"covid19_vaccine_time_series_us_state","uRI":"CIMPATH=map/covid19_vaccine_time_series_us_state.xml","sourceModifiedTime":{"type":"TimeInstant"},"useSourceMetadata":true,"description":"covid19_vaccine_time_series_us_state","layerElevation":{"type":"CIMLayerElevationSurface","mapElevationID":"{7DCB7565-7EA2-485A-A038-3B7575EEAE0A}"},"expanded":true,"layerType":"Operational","showLegends":true,"visibility":true,"displayCacheType":"Permanent","maxDisplayCacheAge":5,"showPopups":true,"serviceLayerID":-1,"refreshRate":-1,"refreshRateUnit":"esriTimeUnitsSeconds","blendingMode":"Alpha","autoGenerateFeatureTemplates":true,"featureElevationExpression":"0","featureTable":{"type":"CIMFeatureTable","displayField":"NAME","editable":true,"dataConnection":{"type":"CIMStandardDataConnection","workspaceConnectionString":"DATABASE=..\\..\\..\\..\\Documents\\GitHub\\Animation-of-Covid-Vaccination-Progress-in-the-US\\data","workspaceFactory":"Shapefile","dataset":"covid19_vaccine_time_series_us_state","datasetType":"esriDTFeatureClass"},"studyAreaSpatialRel":"esriSpatialRelUndefined","searchOrder":"esriSearchOrderSpatial"},"htmlPopupEnabled":true,"selectable":true,"featureCacheType":"Session","displayFiltersType":"ByScale","featureBlendingMode":"Alpha","labelClasses":[{"type":"CIMLabelClass","expressionTitle":"Custom","expression":"$feature['covid19_vaccine_time_series_us_state.NAME']","expressionEngine":"Arcade","featuresToLabel":"AllVisibleFeatures","maplexLabelPlacementProperties":{"type":"CIMMaplexLabelPlacementProperties","featureType":"Polygon","avoidPolygonHoles":true,"canOverrunFeature":true,"canPlaceLabelOutsidePolygon":true,"canRemoveOverlappingLabel":true,"canStackLabel":true,"connectionType":"Unambiguous","constrainOffset":"NoConstraint","contourAlignmentType":"Page","contourLadderType":"Straight","contourMaximumAngle":90,"enableConnection":true,"featureWeight":0,"fontHeightReductionLimit":4,"fontHeightReductionStep":0.5,"fontWidthReductionLimit":90,"fontWidthReductionStep":5,"graticuleAlignmentType":"Straight","keyNumberGroupName":"Default","labelBuffer":15,"labelLargestPolygon":true,"labelPriority":-1,"labelStackingProperties":{"type":"CIMMaplexLabelStackingProperties","stackAlignment":"ChooseBest","maximumNumberOfLines":3,"minimumNumberOfCharsPerLine":3,"maximumNumberOfCharsPerLine":24,"separators":[{"type":"CIMMaplexStackingSeparator","separator":" ","splitAfter":true},{"type":"CIMMaplexStackingSeparator","separator":",","visible":true,"splitAfter":true}]},"lineFeatureType":"General","linePlacementMethod":"OffsetCurvedFromLine","maximumLabelOverrun":80,"maximumLabelOverrunUnit":"Point","minimumFeatureSizeUnit":"Map","multiPartOption":"OneLabelPerPart","offsetAlongLineProperties":{"type":"CIMMaplexOffsetAlongLineProperties","placementMethod":"BestPositionAlongLine","labelAnchorPoint":"CenterOfLabel","distanceUnit":"Percentage","useLineDirection":true},"pointExternalZonePriorities":{"type":"CIMMaplexExternalZonePriorities","aboveLeft":4,"aboveCenter":2,"aboveRight":1,"centerRight":3,"belowRight":5,"belowCenter":7,"belowLeft":8,"centerLeft":6},"pointPlacementMethod":"AroundPoint","polygonAnchorPointType":"GeometricCenter","polygonBoundaryWeight":0,"polygonExternalZones":{"type":"CIMMaplexExternalZonePriorities","aboveLeft":4,"aboveCenter":2,"aboveRight":1,"centerRight":3,"belowRight":5,"belowCenter":7,"belowLeft":8,"centerLeft":6},"polygonFeatureType":"General","polygonInternalZones":{"type":"CIMMaplexInternalZonePriorities","center":1},"polygonPlacementMethod":"HorizontalInPolygon","primaryOffset":1,"primaryOffsetUnit":"Point","removeExtraWhiteSpace":true,"repetitionIntervalUnit":"Point","rotationProperties":{"type":"CIMMaplexRotationProperties","rotationType":"Arithmetic","alignmentType":"Straight"},"secondaryOffset":100,"strategyPriorities":{"type":"CIMMaplexStrategyPriorities","stacking":1,"overrun":2,"fontCompression":3,"fontReduction":4,"abbreviation":5},"thinningDistanceUnit":"Point","truncationMarkerCharacter":".","truncationMinimumLength":1,"truncationPreferredCharacters":"aeiou","truncationExcludedCharacters":"0123456789","polygonAnchorPointPerimeterInsetUnit":"Point"},"name":"Class 1","priority":-1,"standardLabelPlacementProperties":{"type":"CIMStandardLabelPlacementProperties","featureType":"Line","featureWeight":"None","labelWeight":"High","numLabelsOption":"OneLabelPerName","lineLabelPosition":{"type":"CIMStandardLineLabelPosition","above":true,"inLine":true,"parallel":true},"lineLabelPriorities":{"type":"CIMStandardLineLabelPriorities","aboveStart":3,"aboveAlong":3,"aboveEnd":3,"centerStart":3,"centerAlong":3,"centerEnd":3,"belowStart":3,"belowAlong":3,"belowEnd":3},"pointPlacementMethod":"AroundPoint","pointPlacementPriorities":{"type":"CIMStandardPointPlacementPriorities","aboveLeft":2,"aboveCenter":2,"aboveRight":1,"centerLeft":3,"centerRight":2,"belowLeft":3,"belowCenter":3,"belowRight":2},"rotationType":"Arithmetic","polygonPlacementMethod":"AlwaysHorizontal"},"textSymbol":{"type":"CIMSymbolReference","symbol":{"type":"CIMTextSymbol","blockProgression":"TTB","depth3D":1,"extrapolateBaselines":true,"fontEffects":"Normal","fontEncoding":"Unicode","fontFamilyName":"SimSun","fontStyleName":"Regular","fontType":"Unspecified","haloSize":1,"height":10,"hinting":"Default","horizontalAlignment":"Left","kerning":true,"letterWidth":100,"ligatures":true,"lineGapType":"ExtraLeading","symbol":{"type":"CIMPolygonSymbol","symbolLayers":[{"type":"CIMSolidFill","enable":true,"color":{"type":"CIMRGBColor","values":[0,0,0,100]}}]},"textCase":"Normal","textDirection":"LTR","verticalAlignment":"Bottom","verticalGlyphOrientation":"Right","wordSpacing":100,"billboardMode3D":"FaceNearPlane"}},"useCodedValue":true,"visibility":true,"iD":-1}],"renderer":{"type":"CIMSimpleRenderer","patch":"Default","symbol":{"type":"CIMSymbolReference","symbol":{"type":"CIMPolygonSymbol","symbolLayers":[{"type":"CIMSolidStroke","enable":true,"capStyle":"Round","joinStyle":"Round","lineStyle3D":"Strip","miterLimit":10,"width":0.69999999999999996,"color":{"type":"CIMRGBColor","values":[110,110,110,100]}},{"type":"CIMSolidFill","enable":true,"color":{"type":"CIMRGBColor","values":[252.449999999999989,206.09,179.240000000000009,100]}}]}}},"scaleSymbols":true,"snappable":true}]}</LayerFile></DataProperties></Esri></metadata>
